RAAA#,Sex,AnimalID,Name,DOB,BrdCds,PROS,CED,BW,WW,YW,ADG,DMI,Milk,ME,HPG,CEM,STAY,Marb,YG,CW,REA,FAT,HB,GM,CowID,BullID,TargetsAchieved,PROS_Achieved,CED_Achieved,BW_Achieved,WW_Achieved,YW_Achieved,ADG_Achieved,DMI_Achieved,Milk_Achieved,ME_Achieved,HPG_Achieved,CEM_Achieved,STAY_Achieved,Marb_Achieved,YG_Achieved,CW_Achieved,REA_Achieved,FAT_Achieved,HB_Achieved,GM_Achieved,Round
PM410,,J51 - 1278J,HHOLL J51 - SLB AUTHORITY 1278J,,,138,16,-4.2,55,85,0.19,0.46,29,-7,10,9,18,0.51,-0.07,14,0.17,-0.02,84,54,J51,1278J,14,1,1,1,0,0,0,1,1,1,0,1,1,1,1,0,1,1,1,1,1
PM186,,F79 - 1278J,F79 - SLB AUTHORITY 1278J,,,140,15,-3.8,58,90,0.2,0.43,27,-5,9,9,18,0.52,-0.07,15,0.18,-0.01,84,56,F79,1278J,13,1,1,1,0,0,0,1,0,1,0,1,1,1,1,0,1,1,1,1,1
PM193,,F81 - 1278J,F81 - SLB AUTHORITY 1278J,,,124,17,-4.9,52,77,0.16,0.3,32,-6,9,9,18,0.47,-0.08,12,0.17,-0.01,76,48,F81,1278J,13,1,1,1,0,0,0,1,1,1,0,1,1,0,1,0,1,1,1,1,1
PM228,,G22 - 1278J,HHOLL G22 - SLB AUTHORITY 1278J,,,128,15,-3.8,58,86,0.17,0.39,31,-5,9,8,19,0.48,-0.08,14,0.21,-0.01,80,48,G22,1278J,13,1,1,1,0,0,0,1,1,1,0,1,1,0,1,0,1,1,1,1,1
PM270,,G65 - 1278J,HHOLL G65 - SLB AUTHORITY 1278J,,,130,15,-3.1,55,82,0.17,0.25,31,-7,9,9,19,0.47,-0.08,12,0.18,-0.01,82,48,G65,1278J,13,1,1,1,0,0,0,1,1,1,0,1,1,0,1,0,1,1,1,1,1
PM284,,H37 - 1278J,HHOLL H37 - SLB AUTHORITY 1278J,,,133,15,-3.6,58,90,0.2,0.49,25,-5,9,9,18,0.52,-0.07,17,0.22,-0.01,77,56,H37,1278J,13,1,1,1,0,0,0,1,0,1,0,1,1,1,1,0,1,1,1,1,1
PM438,,J27 - 1278J,HHOLL J27 - SLB AUTHORITY 1278J,,,129,14,-3.1,55,82,0.17,0.41,33,-2,9,8,18,0.6,-0.13,12,0.29,-0.02,69,59,J27,1278J,13,1,1,1,0,0,0,1,1,1,0,1,1,1,1,0,1,1,0,1,1
PM453,,J05 - D172,HHOLL J05 - VF SILVER BOW D172,,,153,14,-2.2,68,112,0.28,0.92,24,-1,13,9,19,0.54,0.01,17,0.19,0.01,96,57,J05,D172,13,1,1,0,1,1,1,0,0,0,1,1,1,1,1,0,1,0,1,1,1
PM125,,D10 - Z124G,D10 - LASO SPLASH Z124G,,,131,15,-3.1,50,77,0.17,0.28,24,-3,10,8,19,0.55,-0.11,9,0.33,0,78,53,D10,Z124G,13,1,1,1,0,0,0,1,0,1,0,1,1,1,1,0,1,1,1,1,1
PM293,,H11 - Z124G,HHOLL H11 - LASO SPLASH Z124G,,,124,16,-4.1,44,69,0.15,0.3,24,-3,10,8,18,0.57,-0.1,8,0.31,0,70,54,H11,Z124G,13,1,1,1,0,0,0,1,0,1,0,1,1,1,1,0,1,1,1,1,1
PM700,,L28 - 8269,HHOLL L28 - FEDDES DEFENDER Y17-8269,,,121,15,-3,58,87,0.18,0.5,28,-3,11,8,18,0.6,-0.05,6,0.19,0.01,75,47,L28,8269,12,1,1,1,0,0,0,1,0,1,0,1,1,1,1,0,1,0,1,1,1
PM735,,L44 - 8269,HHOLL L44 - FEDDES DEFENDER Y17-8269,,,120,16,-4,56,85,0.18,0.5,30,-3,11,8,18,0.61,0.02,7,-0.01,0.01,73,48,L44,8269,12,1,1,1,0,0,0,1,1,1,0,1,1,1,1,0,0,0,1,1,1
PM234,,G25 - 1181J,HHOLL G25 - LSF SRR CHARTER 1181J,,,149,15,-3,63,100,0.23,0.6,26,1,11,8,20,0.5,0.06,31,0.08,0,86,63,G25,1181J,12,1,1,1,0,1,0,1,0,0,0,1,1,1,0,1,0,1,1,1,1
PM430,,J65 - 1181J,HHOLL J65 - LSF SRR CHARTER 1181J,,,147,14,-2.4,68,110,0.26,0.87,31,5,10,7,18,0.62,0.01,38,0.28,-0.01,66,80,J65,1181J,12,1,1,0,1,1,0,0,1,0,0,0,1,1,1,1,1,1,0,1,1
PM165,,F08 - 1278J,F08 - SLB AUTHORITY 1278J,,,144,14,-2.5,62,95,0.21,0.53,28,-6,10,8,19,0.52,-0.07,18,0.23,-0.01,88,56,F08,1278J,12,1,1,0,0,0,0,1,0,1,0,1,1,1,1,0,1,1,1,1,1
PM221,,G11 - 1278J,HHOLL G11 - SLB AUTHORITY 1278J,,,130,16,-4.6,53,82,0.18,0.42,29,-5,9,9,17,0.52,-0.07,13,0.16,-0.01,76,54,G11,1278J,12,1,1,1,0,0,0,1,1,1,0,1,0,1,1,0,0,1,1,1,1
PM242,,G29 - 1278J,HHOLL G29 - SLB AUTHORITY 1278J,,,121,15,-3.8,60,88,0.18,0.43,28,-5,9,8,17,0.5,-0.08,16,0.18,-0.02,70,50,G29,1278J,12,1,1,1,0,0,0,1,0,1,0,1,0,1,1,0,1,1,1,1,1
PM263,,G60 - 1278J,HHOLL G60 - SLB AUTHORITY 1278J,,,143,17,-5.2,53,82,0.18,0.41,28,-5,10,10,19,0.52,-0.07,13,0.16,-0.01,89,54,G60,1278J,12,1,1,1,0,0,0,1,0,1,0,1,1,1,1,0,0,1,1,1,1
PM277,,G09 - 1278J,HHOLL G09 - SLB AUTHORITY 1278J,,,131,14,-3.3,59,91,0.2,0.51,28,-4,10,8,17,0.52,-0.07,17,0.19,-0.01,75,57,G09,1278J,12,1,1,1,0,0,0,1,0,1,0,1,0,1,1,0,1,1,1,1,1
PM312,,H62 - 1278J,HHOLL H62 - SLB AUTHORITY 1278J,,,131,14,-2.8,60,92,0.2,0.53,28,-4,9,8,18,0.52,-0.07,16,0.19,-0.01,77,54,H62,1278J,12,1,1,0,0,0,0,1,0,1,0,1,1,1,1,0,1,1,1,1,1
PM368,,H42 - 1278J,HHOLL H42 - SLB AUTHORITY 1278J,,,124,16,-4.3,60,87,0.17,0.47,31,-7,9,8,17,0.57,-0.07,12,0.16,-0.01,73,50,H42,1278J,12,1,1,1,0,0,0,1,1,1,0,1,0,1,1,0,0,1,1,1,1
PM389,,J03 - 1278J,HHOLL J03 - SLB AUTHORITY 1278J,,,121,16,-4.3,54,79,0.15,0.31,30,-8,9,8,17,0.56,-0.07,9,0.11,-0.01,74,48,J03,1278J,12,1,1,1,0,0,0,1,1,1,0,1,0,1,1,0,0,1,1,1,1
PM445,,J61 - 1278J,HHOLL J61 - SLB AUTHORITY 1278J,,,122,15,-3.9,53,79,0.16,0.36,30,-6,9,8,16,0.59,-0.13,14,0.3,-0.02,62,60,J61,1278J,12,1,1,1,0,0,0,1,1,1,0,1,0,1,1,0,1,1,0,1,1
PM466,,J80 - 1278J,HHOLL J80 - SLB AUTHORITY 1278J,,,119,16,-4.3,57,82,0.16,0.39,29,-8,9,8,16,0.58,-0.1,10,0.17,-0.02,68,50,J80,1278J,12,1,1,1,0,0,0,1,1,1,0,1,0,1,1,0,1,1,0,1,1
PM480,,J41 - 1278J,HHOLL J41 - SLB AUTHORITY 1278J,,,118,16,-4.7,55,83,0.17,0.46,29,-7,9,8,15,0.62,-0.1,11,0.17,-0.02,61,56,J41,1278J,12,1,1,1,0,0,0,1,1,1,0,1,0,1,1,0,1,1,0,1,1
PM16,,L35 - 9191G,HHOLLL35 - LSF SRR CONTROL 9191G,,,135,15,-3.7,50,77,0.17,0.28,32,-2,13,9,18,0.63,0.05,15,0.02,0.01,78,57,L35,9191G,12,1,1,1,0,0,0,1,1,1,1,1,1,1,0,0,0,0,1,1,1
PM30,,N46 - 9191G,HHOLLN46 - LSF SRR CONTROL 9191G,,,141,18,-5.7,54,84,0.18,0.43,29,-3,13,10,18,0.64,0.06,14,-0.03,0.01,89,52,N46,9191G,12,1,1,1,0,0,0,1,1,1,1,1,1,1,0,0,0,0,1,1,1
PM425,,J40 - D172,HHOLL J40 - VF SILVER BOW D172,,,148,13,-2.7,57,96,0.25,0.6,22,-2,13,8,19,0.54,-0.05,14,0.25,0,85,63,J40,D172,12,1,0,0,0,0,0,1,0,1,1,1,1,1,1,0,1,1,1,1,1
PM460,,J04 - D172,HHOLL J04 - VF SILVER BOW D172,,,137,15,-3.5,54,89,0.22,0.54,19,-3,13,8,18,0.54,-0.01,9,0.09,0.01,82,54,J04,D172,12,1,1,1,0,0,0,1,0,1,1,1,1,1,1,0,0,0,1,1,1
PM474,,J46 - D172,HHOLL J46 - VF SILVER BOW D172,,,141,14,-3,63,105,0.27,0.84,21,-1,14,8,17,0.56,-0.01,16,0.17,0,81,60,J46,D172,12,1,1,1,0,1,0,0,0,0,1,1,0,1,1,0,1,1,1,1,1
PM635,,K11 - D172,HHOLL K11 - VF SILVER BOW D172,,,139,14,-3.2,60,101,0.25,0.74,18,-2,13,8,17,0.56,-0.01,14,0.16,0,79,60,K11,D172,12,1,1,1,0,1,0,0,0,1,1,1,0,1,1,0,0,1,1,1,1
PM251,,G34 - Z124G,HHOLL G34 - LASO SPLASH Z124G,,,125,15,-3.3,51,79,0.17,0.41,25,-2,10,7,18,0.56,-0.11,10,0.36,0,72,53,G34,Z124G,12,1,1,1,0,0,0,1,0,1,0,0,1,1,1,0,1,1,1,1,1
PM335,,H61 - Z124G,HHOLL H61 - LASO SPLASH Z124G,,,125,16,-4.3,50,77,0.17,0.42,26,-1,9,9,18,0.56,-0.11,11,0.35,0,71,54,H61,Z124G,12,1,1,1,0,0,0,1,0,0,0,1,1,1,1,0,1,1,1,1,1
PM342,,H44 - Z124G,HHOLL H44 - LASO SPLASH Z124G,,,126,15,-3.4,50,78,0.17,0.44,25,0,10,8,18,0.56,-0.11,11,0.35,0,71,55,H44,Z124G,12,1,1,1,0,0,0,1,0,0,0,1,1,1,1,0,1,1,1,1,1
PM679,,L12 - 8269,HHOLL L12 - FEDDES DEFENDER Y17-8269,,,117,15,-3.6,56,84,0.18,0.58,30,-3,11,8,17,0.61,-0.05,5,0.18,0.01,72,46,L12,8269,11,0,1,1,0,0,0,1,1,1,0,1,0,1,1,0,1,0,1,1,1
PM777,,L64 - 8269,HHOLL L64 - FEDDES DEFENDER Y17-8269,,,119,16,-4.6,54,84,0.19,0.6,30,-2,11,8,17,0.63,-0.05,6,0.18,0.01,68,52,L64,8269,11,1,1,1,0,0,0,1,1,1,0,1,0,1,1,0,1,0,0,1,1
PM528,,K67 - 1181J,HHOLL K67 - LSF SRR CHARTER 1181J,,,156,13,-1.3,66,110,0.27,0.8,26,2,12,8,19,0.56,0.07,34,0.09,0,83,73,K67,1181J,11,1,0,0,1,1,0,0,0,0,1,1,1,1,0,1,0,1,1,1,1
PM549,,K82 - 1181J,HHOLL K82 - LSF SRR CHARTER 1181J,,,137,15,-3,65,105,0.25,0.69,26,2,11,7,18,0.5,0.06,33,0.11,0,72,65,K82,1181J,11,1,1,1,1,1,0,0,0,0,0,0,1,1,0,1,0,1,1,1,1
PM619,,K68 - 1181J,HHOLL K68 - LSF SRR CHARTER 1181J,,,140,15,-3.2,63,102,0.24,0.69,31,1,10,8,18,0.6,0.07,28,0.05,0,73,68,K68,1181J,11,1,1,1,0,1,0,0,1,0,0,1,1,1,0,0,0,1,1,1,1
PM724,,L33 - 1181J,HHOLL L33 - LSF SRR CHARTER 1181J,,,151,13,-1.9,66,110,0.28,0.8,25,3,11,8,19,0.55,0.07,35,0.11,0,77,74,L33,1181J,11,1,0,0,1,1,1,0,0,0,0,1,1,1,0,1,0,1,1,1,1
PM745,,L58 - 1181J,HHOLL L58 - LSF SRR CHARTER 1181J,,,146,15,-3.4,62,102,0.25,0.66,25,3,11,8,16,0.68,0.02,32,0.22,0,63,83,L58,1181J,11,1,1,1,0,1,0,0,0,0,0,1,0,1,1,1,1,1,0,1,1
PM766,,L63 - 1181J,HHOLL L63 - LSF SRR CHARTER 1181J,,,139,12,-1,72,116,0.28,0.92,29,6,10,6,17,0.62,0.01,37,0.28,-0.01,60,79,L63,1181J,11,1,0,0,1,1,1,0,1,0,0,0,0,1,1,1,1,1,0,1,1
PM780,,L66 - 1181J,HHOLL L66 - LSF SRR CHARTER 1181J,,,141,14,-2,65,103,0.24,0.72,29,1,11,7,19,0.57,0.06,29,0.04,0,76,65,L66,1181J,11,1,1,0,1,1,0,0,1,0,0,0,1,1,0,1,0,1,1,1,1
PM787,,L70 - 1181J,HHOLL L70 - LSF SRR CHARTER 1181J,,,139,13,-1.8,66,107,0.26,0.82,30,5,11,6,18,0.62,0.01,33,0.22,-0.01,63,76,L70,1181J,11,1,0,0,1,1,0,0,1,0,0,0,1,1,1,1,1,1,0,1,1
PM815,,L94 - 1181J,HHOLL L94 - LSF SRR CHARTER 1181J,,,157,14,-2.7,67,110,0.27,0.84,29,4,11,7,19,0.6,0.1,41,0.05,-0.01,77,80,L94,1181J,11,1,1,0,1,1,0,0,1,0,0,0,1,1,0,1,0,1,1,1,1
PM81,,C28 - 1278J,C28 - SLB AUTHORITY 1278J,,,126,16,-3.8,54,77,0.15,0.29,31,-6,8,9,20,0.41,-0.09,13,0.14,-0.02,85,41,C28,1278J,11,1,1,1,0,0,0,1,1,1,0,1,1,0,1,0,0,1,1,0,1
PM200,,F83 - 1278J,F83 - SLB AUTHORITY 1278J,,,118,15,-3.6,58,83,0.16,0.39,32,-4,8,9,18,0.42,-0.08,15,0.16,-0.02,76,42,F83,1278J,11,1,1,1,0,0,0,1,1,1,0,1,1,0,1,0,0,1,1,0,1
PM319,,H26 - 1278J,HHOLL H26 - SLB AUTHORITY 1278J,,,130,16,-4.1,55,80,0.16,0.37,30,-6,9,9,20,0.47,-0.07,11,0.16,-0.01,88,42,H26,1278J,11,1,1,1,0,0,0,1,1,1,0,1,1,0,1,0,0,1,1,0,1
PM375,,J76 - 1278J,HHOLL J76 - SLB AUTHORITY 1278J,,,127,14,-3.2,53,79,0.16,0.27,31,-7,10,8,15,0.6,-0.05,17,0.14,-0.02,64,63,J76,1278J,11,1,1,1,0,0,0,1,1,1,0,1,0,1,1,0,0,1,0,1,1
PM382,,J33 - 1278J,HHOLL J33 - SLB AUTHORITY 1278J,,,117,15,-3.9,56,81,0.16,0.37,33,-7,8,8,17,0.53,-0.08,10,0.13,-0.02,70,47,J33,1278J,11,0,1,1,0,0,0,1,1,1,0,1,0,1,1,0,0,1,1,1,1
PM2,,K06 - 9191G,HHOLLK06 - LSF SRR CONTROL 9191G,,,137,16,-4.6,47,73,0.17,0.15,26,-2,13,9,19,0.62,0.05,10,-0.05,0.01,84,54,K06,9191G,11,1,1,1,0,0,0,1,0,1,1,1,1,1,0,0,0,0,1,1,1
PM9,,L10 - 9191G,HHOLLL10 - LSF SRR CONTROL 9191G,,,155,16,-3.7,51,79,0.17,0.16,25,-4,13,9,20,0.64,0.06,12,-0.03,0.01,99,56,L10,9191G,11,1,1,1,0,0,0,1,0,1,1,1,1,1,0,0,0,0,1,1,1
PM37,,A60 - 9191G,HHOLLA60 - LSF SRR CONTROL 9191G,,,153,16,-3.7,54,84,0.19,0.38,30,0,13,9,21,0.64,0.05,13,0,0.01,100,53,A60,9191G,11,1,1,1,0,0,0,1,1,0,1,1,1,1,0,0,0,0,1,1,1
PM44,,C16 - 9191G,C16 - LSF SRR CONTROL 9191G,,,154,16,-4.4,55,84,0.18,0.28,25,-2,13,9,21,0.62,0.06,12,-0.03,0.01,103,50,C16,9191G,11,1,1,1,0,0,0,1,0,1,1,1,1,1,0,0,0,0,1,1,1
PM51,,C19 - 9191G,C19 - LSF SRR CONTROL 9191G,,,144,17,-4.7,57,87,0.19,0.43,29,-1,13,9,20,0.62,0.06,15,-0.03,0.01,94,50,C19,9191G,11,1,1,1,0,0,0,1,1,0,1,1,1,1,0,0,0,0,1,1,1
PM58,,C66 - 9191G,C66 - LSF SRR CONTROL 9191G,,,139,17,-4.9,55,85,0.19,0.36,26,-2,13,9,19,0.63,0.06,12,-0.04,0.01,88,51,C66,9191G,11,1,1,1,0,0,0,1,0,1,1,1,1,1,0,0,0,0,1,1,1
PM65,,C12 - 9191G,C12 - LSF SRR CONTROL 9191G,,,139,16,-3.7,59,89,0.19,0.45,31,1,13,8,20,0.62,0.06,13,-0.03,0.01,91,49,C12,9191G,11,1,1,1,0,0,0,1,1,0,1,1,1,1,0,0,0,0,1,1,1
PM72,,C14 - 9191G,C14 - LSF SRR CONTROL 9191G,,,146,16,-4.4,54,85,0.19,0.22,23,-2,13,9,19,0.63,0.06,12,-0.04,0.01,91,55,C14,9191G,11,1,1,1,0,0,0,1,0,1,1,1,1,1,0,0,0,0,1,1,1
PM86,,C47 - 9191G,C47 - LSF SRR CONTROL 9191G,,,151,15,-3.7,55,86,0.2,0.44,30,1,13,9,21,0.63,0.06,15,0.02,0.01,96,56,C47,9191G,11,1,1,1,0,0,0,1,1,0,1,1,1,1,0,0,0,0,1,1,1
PM100,,C17 - 9191G,C17 - LSF SRR CONTROL 9191G,,,152,16,-4.5,58,90,0.2,0.4,26,-2,13,10,20,0.65,0.06,15,0,0.01,96,56,C17,9191G,11,1,1,1,0,0,0,1,0,1,1,1,1,1,0,0,0,0,1,1,1
PM114,,D19 - 9191G,D19 - LSF SRR CONTROL 9191G,,,147,18,-5.3,51,80,0.19,0.32,26,-2,13,11,18,0.68,0.07,11,0,0.02,90,57,D19,9191G,11,1,1,1,0,0,0,1,0,1,1,1,1,1,0,0,0,0,1,1,1
PM128,,D23 - 9191G,D23 - LSF SRR CONTROL 9191G,,,149,17,-4.9,50,79,0.18,0.32,26,-2,14,10,19,0.69,0.07,10,-0.03,0.02,93,57,D23,9191G,11,1,1,1,0,0,0,1,0,1,1,1,1,1,0,0,0,0,1,1,1
PM135,,E29 - 9191G,E29 - LSF SRR CONTROL 9191G,,,155,16,-3.8,54,84,0.19,0.37,28,-2,13,10,21,0.63,0.05,14,0,0.01,101,54,E29,9191G,11,1,1,1,0,0,0,1,0,1,1,1,1,1,0,0,0,0,1,1,1
PM142,,E30 - 9191G,E30 - LSF SRR CONTROL 9191G,,,147,16,-4.2,53,83,0.18,0.31,27,-2,13,9,19,0.62,0.06,15,-0.01,0.01,92,55,E30,9191G,11,1,1,1,0,0,0,1,0,1,1,1,1,1,0,0,0,0,1,1,1
PM149,,E59 - 9191G,E59 - LSF SRR CONTROL 9191G,,,149,15,-3.1,57,89,0.2,0.37,27,-2,13,9,20,0.62,0.06,17,0.02,0.01,92,56,E59,9191G,11,1,1,1,0,0,0,1,0,1,1,1,1,1,0,0,0,0,1,1,1
PM296,,H86 - 9191G,HHOLL H86 - LSF SRR CONTROL 9191G,,,151,17,-4.1,58,89,0.2,0.41,25,-2,14,10,19,0.68,0.06,13,0.02,0.02,95,55,H86,9191G,11,1,1,1,0,0,0,1,0,1,1,1,1,1,0,0,0,0,1,1,1
PM303,,H50 - 9191G,HHOLL H50 - LSF SRR CONTROL 9191G,,,146,16,-4.1,59,94,0.22,0.48,29,0,13,9,18,0.7,0.06,17,0.09,0.02,81,65,H50,9191G,11,1,1,1,0,0,0,1,1,0,1,1,1,1,0,0,0,0,1,1,1
PM173,,F19 - D172,F19 - VF SILVER BOW D172,,,138,16,-3.5,50,83,0.21,0.42,20,-4,14,10,18,0.41,0.01,13,0.11,0.01,89,49,F19,D172,11,1,1,1,0,0,0,1,0,1,1,1,1,0,1,0,0,0,1,1,1
PM215,,G10 - D172,HHOLL G10 - VF SILVER BOW D172,,,138,15,-3.3,52,89,0.23,0.48,22,-2,13,9,19,0.41,0.01,13,0.11,0.01,86,52,G10,D172,11,1,1,1,0,0,0,1,0,1,1,1,1,0,1,0,0,0,1,1,1
PM397,,J45 - D172,HHOLL J45 - VF SILVER BOW D172,,,146,12,-1.6,65,106,0.26,0.86,25,0,13,7,18,0.55,-0.05,21,0.34,0,82,64,J45,D172,11,1,0,0,1,1,0,0,0,0,1,0,1,1,1,0,1,1,1,1,1
PM558,,K05 - D172,HHOLL K05 - VF SILVER BOW D172,,,161,13,-1.8,69,115,0.29,0.91,20,0,14,8,21,0.46,0.01,22,0.21,0.01,104,57,K05,D172,11,1,0,0,1,1,1,0,0,0,1,1,1,0,1,0,1,0,1,1,1
PM586,,K56 - D172,HHOLL K56 - VF SILVER BOW D172,,,156,12,-1.4,66,112,0.29,0.88,20,1,14,8,20,0.47,0.01,20,0.2,0.01,97,58,K56,D172,11,1,0,0,1,1,1,0,0,0,1,1,1,0,1,0,1,0,1,1,1
PM614,,K69 - D172,HHOLL K69 - VF SILVER BOW D172,,,134,14,-2.4,70,112,0.26,0.97,25,1,13,8,18,0.49,0.01,19,0.18,0.01,84,50,K69,D172,11,1,1,0,1,1,0,0,0,0,1,1,1,0,1,0,1,0,1,1,1
PM258,,G35 - Z124G,HHOLL G35 - LASO SPLASH Z124G,,,125,14,-2.5,58,87,0.18,0.6,32,0,9,6,21,0.51,-0.12,13,0.35,-0.01,79,46,G35,Z124G,11,1,1,0,0,0,0,1,1,0,0,0,1,1,1,0,1,1,1,1,1
PM504,,K60 - 8269,HHOLL K60 - FEDDES DEFENDER Y17-8269,,,115,15,-3.5,52,79,0.17,0.42,29,-3,11,7,18,0.58,0.02,4,-0.08,0,71,44,K60,8269,10,0,1,1,0,0,0,1,1,1,0,0,1,1,1,0,0,1,1,0,1
PM402,,J62 - 1181J,HHOLL J62 - LSF SRR CHARTER 1181J,,,137,14,-2.9,65,105,0.25,0.73,23,1,11,8,17,0.52,0.07,33,0.05,-0.01,71,66,J62,1181J,10,1,1,0,1,1,0,0,0,0,0,1,0,1,0,1,0,1,1,1,1
PM507,,K51 - 1181J,HHOLL K51 - LSF SRR CHARTER 1181J,,,146,14,-2.6,59,101,0.26,0.66,23,2,11,8,18,0.55,0.07,32,0.06,0,71,76,K51,1181J,10,1,1,0,0,1,0,0,0,0,0,1,1,1,0,1,0,1,1,1,1
PM577,,K86 - 1181J,HHOLL K86 - LSF SRR CHARTER 1181J,,,139,14,-1.6,68,110,0.26,0.67,25,3,11,7,19,0.5,0.06,32,0.09,0,74,66,K86,1181J,10,1,1,0,1,1,0,0,0,0,0,0,1,1,0,1,0,1,1,1,1
PM717,,L32 - 1181J,HHOLL L32 - LSF SRR CHARTER 1181J,,,159,14,-2.7,67,114,0.29,0.82,24,5,11,8,17,0.64,0.1,43,0.09,0,68,91,L32,1181J,10,1,1,0,1,1,1,0,0,0,0,1,0,1,0,1,0,1,0,1,1
PM752,,L60 - 1181J,HHOLL L60 - LSF SRR CHARTER 1181J,,,140,14,-2.7,64,104,0.25,0.79,29,3,11,7,17,0.63,0.02,33,0.21,-0.01,62,78,L60,1181J,10,1,1,0,0,1,0,0,1,0,0,0,0,1,1,1,1,1,0,1,1
PM23,,N56 - 9191G,HHOLLN56 - LSF SRR CONTROL 9191G,,,155,14,-2.7,57,89,0.2,0.42,30,0,13,8,22,0.64,0.05,14,0.01,0.01,101,53,N56,9191G,10,1,1,0,0,0,0,1,1,0,1,1,1,1,0,0,0,0,1,1,1
PM93,,C32 - 9191G,C32 - LSF SRR CONTROL 9191G,,,155,16,-3.8,58,90,0.2,0.45,28,2,13,10,21,0.63,0.05,15,0.02,0.01,101,54,C32,9191G,10,1,1,1,0,0,0,1,0,0,1,1,1,1,0,0,0,0,1,1,1
PM107,,D29 - 9191G,D29 - LSF SRR CONTROL 9191G,,,146,17,-4.8,53,83,0.19,0.33,25,-1,13,10,19,0.68,0.07,11,0,0.02,88,57,D29,9191G,10,1,1,1,0,0,0,1,0,0,1,1,1,1,0,0,0,0,1,1,1
PM156,,F06 - 9191G,F06 - LSF SRR CONTROL 9191G,,,153,15,-3.8,58,90,0.2,0.44,28,0,13,9,21,0.64,0.06,14,0,0.01,99,54,F06,9191G,10,1,1,1,0,0,0,1,0,0,1,1,1,1,0,0,0,0,1,1,1
PM180,,F21 - D172,F21 - VF SILVER BOW D172,,,148,13,-1.9,61,101,0.25,0.64,19,-2,13,8,20,0.44,0,16,0.12,0,98,51,F21,D172,10,1,0,0,0,1,0,0,0,1,1,1,1,0,1,0,0,1,1,1,1
PM208,,G07 - D172,HHOLL G07 - VF SILVER BOW D172,,,148,14,-2.7,53,88,0.22,0.49,14,-3,13,9,21,0.43,0.01,11,0.09,0.01,100,47,G07,D172,10,1,1,0,0,0,0,1,0,1,1,1,1,0,1,0,0,0,1,1,1
PM327,,H15 - D172,HHOLL H15 - VF SILVER BOW D172,,,139,14,-2.5,61,100,0.25,0.69,16,-2,13,8,19,0.44,0.01,15,0.1,0.01,89,50,H15,D172,10,1,1,0,0,1,0,0,0,1,1,1,1,0,1,0,0,0,1,1,1
PM355,,H31 - D172,HHOLL H31 - VF SILVER BOW D172,,,144,15,-2.7,57,94,0.23,0.58,17,-2,13,9,20,0.44,0.02,11,0.11,0.02,98,46,H31,D172,10,1,1,0,0,0,0,1,0,1,1,1,1,0,1,0,0,0,1,1,1
PM418,,J10 - D172,HHOLL J10 - VF SILVER BOW D172,,,135,15,-3.9,55,93,0.24,0.59,21,-1,13,8,19,0.43,0.01,13,0.12,0.01,86,50,J10,D172,10,1,1,1,0,0,0,1,0,0,1,1,1,0,1,0,0,0,1,1,1
PM607,,K34 - D172,HHOLL K34 - VF SILVER BOW D172,,,148,12,-1.9,65,108,0.27,0.85,23,2,13,8,19,0.54,0.03,21,0.13,0.01,85,63,K34,D172,10,1,0,0,1,1,0,0,0,0,1,1,1,1,1,0,0,0,1,1,1
PM642,,K65 - D172,HHOLL K65 - VF SILVER BOW D172,,,137,15,-3.8,59,97,0.24,0.75,22,-1,13,8,18,0.53,-0.02,12,0.14,0.01,84,52,K65,D172,10,1,1,1,0,0,0,0,0,0,1,1,1,1,1,0,0,0,1,1,1
PM540,,K72 - J490,HHOLL K72 - BECKTON ORACLE J490 S2,,,133,16,-3.6,53,91,0.24,0.46,20,-3,12,9,18,0.46,0.04,13,0.03,0.01,77,56,K72,J490,10,1,1,1,0,0,0,1,0,1,1,1,1,0,0,0,0,0,1,1,1
PM363,,H70 - Z124G,HHOLL H70 - LASO SPLASH Z124G,,,122,14,-2.9,53,81,0.18,0.47,26,0,9,7,19,0.55,-0.11,12,0.34,0,70,53,H70,Z124G,10,1,1,0,0,0,0,1,0,0,0,0,1,1,1,0,1,1,1,1,1
PM804,,L78 - Z124G,HHOLL L78 - LASO SPLASH Z124G,,,114,15,-3.6,56,86,0.19,0.57,29,-1,10,8,15,0.66,-0.11,13,0.4,0,54,61,L78,Z124G,10,0,1,1,0,0,0,1,1,0,0,1,0,1,1,0,1,1,0,1,1
PM490,,K32 - 8269,HHOLL K32 - FEDDES DEFENDER Y17-8269,,,114,14,-3.1,51,77,0.16,0.34,29,-6,11,7,16,0.58,0.02,8,-0.03,0,66,48,K32,8269,9,0,1,1,0,0,0,1,1,1,0,0,0,1,1,0,0,1,0,1,1
PM518,,K59 - 8269,HHOLL K59 - FEDDES DEFENDER Y17-8269,,,101,15,-3.5,55,80,0.16,0.47,32,-3,10,8,17,0.52,-0.01,1,-0.02,0.01,70,32,K59,8269,9,0,1,1,0,0,0,1,1,1,0,1,0,1,1,0,0,0,1,0,1
PM539,,K25 - 8269,HHOLL K25 - FEDDES DEFENDER Y17-8269,,,103,15,-3.5,58,83,0.16,0.48,29,-5,10,7,18,0.52,-0.01,0,-0.04,0.01,73,30,K25,8269,9,0,1,1,0,0,0,1,1,1,0,0,1,1,1,0,0,0,1,0,1
PM763,,L61 - 8269,HHOLL L61 - FEDDES DEFENDER Y17-8269,,,106,16,-4.2,52,77,0.16,0.39,31,-5,10,8,17,0.55,0,-1,-0.04,0.01,71,35,L61,8269,9,0,1,1,0,0,0,1,1,1,0,1,0,1,1,0,0,0,1,0,1
PM346,,H59 - 1181J,HHOLL H59 - LSF SRR CHARTER 1181J,,,143,13,-1.9,65,105,0.25,0.65,20,2,11,7,19,0.51,0.06,32,0.05,-0.01,75,67,H59,1181J,9,1,0,0,1,1,0,0,0,0,0,0,1,1,0,1,0,1,1,1,1
PM570,,K38B - 1181J,HHOLL K38B - LSF SRR CHARTER 1181J,,,149,13,-1.8,68,110,0.26,0.8,28,4,11,7,18,0.62,0.09,36,0.03,-0.01,73,76,K38B,1181J,9,1,0,0,1,1,0,0,0,0,0,0,1,1,0,1,0,1,1,1,1
PM661,,L06 - 1181J,HHOLL L06 - LSF SRR CHARTER 1181J,,,129,15,-3.5,64,104,0.25,0.78,26,0,11,7,15,0.69,0.03,29,0.09,-0.01,53,76,L06,1181J,9,1,1,1,0,1,0,0,0,0,0,0,0,1,1,1,0,1,0,1,1
PM738,,L49 - 1181J,HHOLL L49 - LSF SRR CHARTER 1181J,,,155,13,-1.5,70,118,0.3,0.89,26,6,12,7,17,0.64,0.1,43,0.09,0,66,89,L49,1181J,9,1,0,0,1,1,1,0,0,0,1,0,0,1,0,1,0,1,0,1,1
PM523,,K21 - D172,HHOLL K21 - VF SILVER BOW D172,,,135,14,-2.5,55,93,0.24,0.54,22,-1,13,8,19,0.42,0,14,0.13,0.01,84,51,K21,D172,9,1,1,0,0,0,0,1,0,0,1,1,1,0,1,0,0,0,1,1,1
PM565,,K43 - D172,HHOLL K43 - VF SILVER BOW D172,,,137,14,-2.4,63,103,0.25,0.81,21,0,13,8,19,0.49,0.01,16,0.13,0.01,86,51,K43,D172,9,1,1,0,0,1,0,0,0,0,1,1,1,0,1,0,0,0,1,1,1
PM593,,K30 - D172,HHOLL K30 - VF SILVER BOW D172,,,155,12,-1.6,60,104,0.28,0.76,20,-1,14,8,20,0.46,0.01,17,0.14,0.01,97,58,K30,D172,9,1,0,0,0,1,1,0,0,0,1,1,1,0,1,0,0,0,1,1,1
PM600,,K87 - D172,HHOLL K87 - VF SILVER BOW D172,,,134,12,-1.2,67,108,0.26,0.85,24,1,13,8,19,0.49,0.01,14,0.12,0.01,86,48,K87,D172,9,1,0,0,1,1,0,0,0,0,1,1,1,0,1,0,0,0,1,1,1
PM628,,K52 - D172,HHOLL K52 - VF SILVER BOW D172,,,147,13,-2.7,56,99,0.26,0.74,20,1,13,8,18,0.6,-0.04,16,0.27,0.01,77,70,K52,D172,9,1,0,0,0,0,0,0,0,0,1,1,1,1,1,0,1,0,1,1,1
PM657,,K40 - Z124G,HHOLL K40 - LASO SPLASH Z124G,,,107,14,-3.2,54,83,0.18,0.49,25,-2,10,6,15,0.69,-0.13,10,0.37,-0.01,45,62,K40,Z124G,9,0,1,1,0,0,0,1,0,1,0,0,0,1,1,0,1,1,0,1,1
PM671,,L09 - Z124G,HHOLL L09 - LASO SPLASH Z124G,,,111,15,-4,56,87,0.19,0.6,28,-2,9,6,15,0.73,-0.13,12,0.4,-0.01,46,65,L09,Z124G,9,0,1,1,0,0,0,1,0,1,0,0,0,1,1,0,1,1,0,1,1
PM798,,L73 - 8269,HHOLL L73 - FEDDES DEFENDER Y17-8269,,,105,15,-3,57,84,0.17,0.56,30,-3,11,7,16,0.63,-0.05,1,0.07,0,62,43,L73,8269,8,0,1,1,0,0,0,1,1,1,0,0,0,1,1,0,0,1,0,0,1
PM493,,K75 - 1181J,HHOLL K75 - LSF SRR CHARTER 1181J,,,125,14,-2,61,100,0.24,0.58,26,2,11,6,17,0.5,0.06,30,0.06,0,58,66,K75,1181J,8,1,1,0,0,1,0,1,0,0,0,0,0,1,0,1,0,1,0,1,1
PM689,,L22 - 1181J,HHOLL L22 - LSF SRR CHARTER 1181J,,,130,14,-2.3,66,106,0.25,0.74,25,1,11,7,16,0.63,0.04,29,0.06,-0.01,58,72,L22,1181J,8,1,1,0,1,1,0,0,0,0,0,0,0,1,0,1,0,1,0,1,1
PM710,,L31 - 1181J,HHOLL L31 - LSF SRR CHARTER 1181J,,,133,13,-2,65,106,0.25,0.77,27,2,11,6,16,0.69,0.01,30,0.16,-0.01,55,78,L31,1181J,8,1,0,0,1,1,0,0,0,0,0,0,0,1,1,1,0,1,0,1,1
PM806,,L88 - J490,HHOLL L88 - BECKTON ORACLE J490 S2,,,106,17,-4,53,86,0.21,0.4,23,-4,11,8,14,0.6,0.01,6,-0.01,0.01,51,55,L88,J490,8,0,1,1,0,0,0,1,0,1,0,1,0,1,1,0,0,0,0,1,1
PM650,,K03B - Z124G,HHOLL K03B - LASO SPLASH Z124G,,,108,14,-3.2,56,88,0.2,0.56,26,-1,10,6,14,0.7,-0.13,11,0.37,-0.01,44,64,K03B,Z124G,8,0,1,1,0,0,0,1,0,0,0,0,0,1,1,0,1,1,0,1,1
PM685,,L20 - Z124G,HHOLL L20 - LASO SPLASH Z124G,,,115,13,-1.9,65,101,0.22,0.8,29,-1,10,6,15,0.75,-0.13,15,0.45,0,48,68,L20,Z124G,8,0,0,0,1,1,0,0,1,0,0,0,0,1,1,0,1,1,0,1,1
PM706,,L29 - Z124G,HHOLL L29 - LASO SPLASH Z124G,,,110,14,-3,54,85,0.19,0.57,28,-1,9,6,14,0.75,-0.16,12,0.45,-0.01,40,70,L29,Z124G,8,0,1,1,0,0,0,1,0,0,0,0,0,1,1,0,1,1,0,1,1
